n,MSE,MAE,RMSE,MAPE
7,0.009898,0.790880,0.099487,496.75%
15,0.011108,0.827559,0.105392,515.44%
30,0.010013,0.784098,0.100067,490.92%
