n,MSE,MAE,RMSE,MAPE
7,0.012831,0.872596,0.113274,538.30%
15,0.013146,0.670136,0.114657,403.76%
30,0.009308,0.692411,0.096475,420.76%
