n,MSE,MAE,RMSE,MAPE
7,0.002378,0.288769,0.048764,170.53%
15,0.002631,0.286221,0.051296,168.32%
30,0.002706,0.288166,0.052020,167.97%
