n,MSE,MAE,RMSE,MAPE
7,0.001975,0.272574,0.044436,163.73%
15,0.001899,0.275852,0.043578,166.27%
30,0.002080,0.281998,0.045603,170.44%
