n,MSE,MAE,RMSE,MAPE
7,0.001920,0.255773,0.043814,152.02%
15,0.003102,0.402216,0.055697,248.21%
30,0.002249,0.287881,0.047419,172.81%
