n,MSE,MAE,RMSE,MAPE
7,0.002450,0.271568,0.049496,158.97%
15,0.002827,0.305713,0.053170,179.47%
30,0.002887,0.316511,0.053729,189.72%
