n,MSE,MAE,RMSE,MAPE
7,0.053359,1.686202,0.230996,1020.17%
15,0.038241,1.449517,0.195553,905.46%
30,0.011467,0.839242,0.107084,524.04%
