n,MSE,MAE,RMSE,MAPE
7,0.005104,0.478241,0.071439,284.30%
15,0.004441,0.462054,0.066638,274.31%
30,0.007555,0.611427,0.086921,364.18%
